label_pct,method,f1,pr_auc
5.0,Supervised-only,0.6608065246941549,0.7001769998692735
5.0,Self-Training,0.5565418072075271,0.4781814617761387
10.0,Supervised-only,0.6683352032450159,0.7189908305531733
10.0,Self-Training,0.5757467994310099,0.5421994556381455
20.0,Supervised-only,0.6739716790289952,0.7267327545693562
20.0,Self-Training,0.6328417895526118,0.6601431208381867
100.0,Full Supervised,0.6749917300694674,0.7402456482512423
